Time,Water Level (liters)
12:00 AM,1000
1:00 AM,956.5217391
2:00 AM,913.0434783
3:00 AM,869.5652174
4:00 AM,826.0869565
5:00 AM,782.6086957
6:00 AM,739.1304348
7:00 AM,695.6521739
8:00 AM,652.173913
9:00 AM,608.6956522
10:00 AM,565.2173913
11:00 AM,521.7391304
12:00 PM,478.2608696
1:00 PM,434.7826087
2:00 PM,391.3043478
3:00 PM,347.826087
4:00 PM,304.3478261
5:00 PM,260.8695652
6:00 PM,217.3913043
7:00 PM,173.9130435
8:00 PM,130.4347826
9:00 PM,86.95652174

